55f3736b35eaf75505d72f01e7f767ff,No <think> blocks found in solution,2025-08-30 01:40:55 CEST
6579490e5729f54cd428171f898719da,No <think> blocks found in solution,2025-08-30 01:40:55 CEST
4697ffd551565cf4b8a0674f6056d1f6,No <think> blocks found in solution,2025-08-30 01:40:55 CEST
da589f23c44460376db265d964859312,No mistake found by Anthropic,2025-08-30 01:40:59 CEST
93577a5d340ec219beb7095a94d49e6c,No <think> blocks found in solution,2025-08-30 01:40:59 CEST
4758772a8630698417fbaa23324efe4a,No <think> blocks found in solution,2025-08-30 01:40:59 CEST
55f3736b35eaf75505d72f01e7f767ff,No <think> blocks found in solution,2025-08-30 01:56:13 CEST
6579490e5729f54cd428171f898719da,No <think> blocks found in solution,2025-08-30 01:56:13 CEST
4697ffd551565cf4b8a0674f6056d1f6,No <think> blocks found in solution,2025-08-30 01:56:13 CEST
da589f23c44460376db265d964859312,No mistake found by Anthropic,2025-08-30 01:56:16 CEST
93577a5d340ec219beb7095a94d49e6c,No <think> blocks found in solution,2025-08-30 01:56:16 CEST
4758772a8630698417fbaa23324efe4a,No <think> blocks found in solution,2025-08-30 01:56:16 CEST
55f3736b35eaf75505d72f01e7f767ff,No <think> blocks found in solution,2025-08-30 02:04:25 CEST
6579490e5729f54cd428171f898719da,No <think> blocks found in solution,2025-08-30 02:04:25 CEST
4697ffd551565cf4b8a0674f6056d1f6,No <think> blocks found in solution,2025-08-30 02:04:25 CEST
da589f23c44460376db265d964859312,No mistake found by Anthropic,2025-08-30 02:04:28 CEST
93577a5d340ec219beb7095a94d49e6c,No <think> blocks found in solution,2025-08-30 02:04:28 CEST
4758772a8630698417fbaa23324efe4a,No <think> blocks found in solution,2025-08-30 02:04:28 CEST
58bd6258e6ee5b06d3b335b31b145d68,No <think> blocks found in solution,2025-08-30 02:17:25 CEST
f772163884cc4071a2f3e064d9264e70,No <think> blocks found in solution,2025-08-30 02:17:25 CEST
daf612a9bf152b220de2226521742c4e,No <think> blocks found in solution,2025-08-30 02:17:25 CEST
835ac1c38868a7807e3cf0ceef93e704,No <think> blocks found in solution,2025-08-30 02:17:25 CEST
5c7909df46ab8ea3693e2f5cd669abc9,No <think> blocks found in solution,2025-08-30 02:17:25 CEST
62734cafef339dfee86703e26fd4923b,No <think> blocks found in solution,2025-08-30 02:17:25 CEST
799131553e906a43c36d8f32a84f1639,No <think> blocks found in solution,2025-08-30 02:17:25 CEST
fd3ae878baae903a807af41b28dac219,No <think> blocks found in solution,2025-08-30 02:17:25 CEST
85445fc5c75e88dfee1ecec030770d81,No <think> blocks found in solution,2025-08-30 02:17:25 CEST
f71a9fb6e7de30537b6dfe267cbbd2f4,No <think> blocks found in solution,2025-08-30 02:17:25 CEST
b6b938fd2f48fa3a3dcc3d644fe32c62,No <think> blocks found in solution,2025-08-30 02:31:18 CEST
d24d197b81bc228b43ebca01dc6c5176,No mistake found by Anthropic,2025-08-30 02:31:23 CEST
b265f6262d40cd54f3416e9caf31e1b7,No mistake found by Anthropic,2025-08-30 02:31:28 CEST
0fa359ff061580a726d76ca45b6833d9,"<think>Finally, let's look at $i^{45}$. Using the pattern from before, we can see that $i^{45} = (i^4)^11 * i = 1^{11} * i = i$.</think>",2025-08-30 02:31:31 CEST
1d34ebbbc8e9f89bb08a95c889a77086,No <think> blocks found in solution,2025-08-30 02:31:31 CEST
6c1664893d6b636855c8289ba6717b57,No mistake found by Anthropic,2025-08-30 02:31:35 CEST
590f74439dff3d628cd40afc5b64d0ee,No <think> blocks found in solution,2025-08-30 02:31:35 CEST
1bc08ce92a0c901fedcd2522d6ff601f,No <think> blocks found in solution,2025-08-30 02:31:35 CEST
ae0236978a49b652f12884a896f41975,No mistake found by Anthropic,2025-08-30 02:31:38 CEST
