023b5e7c637fb8e6037b9a6a136bdb07,No mistake found by Anthropic,2025-08-29 23:50:36 CEST
37ec04c435f5fb887e48946464537e20,No mistake found by Anthropic,2025-08-29 23:50:40 CEST
21e7b5dc14b0361dbf6fbfbf3278f66f,No mistake found by Anthropic,2025-08-29 23:50:44 CEST
d787e2c89727af5dd84169085e7ff35d,No mistake found by Anthropic,2025-08-29 23:50:48 CEST
85e342a00b7961924d1d68de4a8f5ac7,No mistake found by Anthropic,2025-08-29 23:50:51 CEST
6d2d983fd7cc9a956b0a24ba74791ea0,No mistake found by Anthropic,2025-08-29 23:50:56 CEST
5b7e10702c3045ccadbe3bd87e0b7246,No mistake found by Anthropic,2025-08-29 23:50:59 CEST
e5daf5eefd3f8f6509f86ba8cc582896,No mistake found by Anthropic,2025-08-29 23:51:02 CEST
b9352aa025f1ca741901869edfeafe57,No mistake found by Anthropic,2025-08-29 23:51:05 CEST
1868bc8d140eebe9bb245e40ae2a8fcf,No mistake found by Anthropic,2025-08-29 23:51:09 CEST
5207fdbc2b91afe0d8b1a8c0632102c7,No mistake found by Anthropic,2025-08-29 23:51:11 CEST
21aacd38a0755d57687688c2a2a1f61d,No mistake found by Anthropic,2025-08-29 23:51:14 CEST
e2bd87e26fd9e48b4c61b6e7bfba1e8d,No mistake found by Anthropic,2025-08-29 23:51:17 CEST
744794f092b673ea8e82d5d97587b4fe,No mistake found by Anthropic,2025-08-29 23:51:20 CEST
4f1b10a79eaa8585b7a3b4fa888a53ee,No mistake found by Anthropic,2025-08-29 23:51:23 CEST
b8e628e4e8f2ddb5b19e4ab4066b9bfb,"Problem: Given the equation \(-4(2x - 1) = -2x - 5\), solve for \(x\).
Solution:",2025-08-29 23:51:26 CEST
f988793dbc4e76a8488df5809dbfd5f0,"-17 = -5 - 3x.

Solving for x:

-12 = -3x.

Dividing by -3:

x = 4.

Therefore, q = 4.

Finally, I'll calculate p + q:

p + q = 8 + 4 = 12.0.

The val",2025-08-29 23:51:29 CEST
617770b4bc3ddb73609e18aa462125b0,No mistake found by Anthropic,2025-08-29 23:52:09 CEST
b4ea20c336ee02111644b43bfa7a4cd5,No mistake found by Anthropic,2025-08-29 23:52:13 CEST
de8af676545a1704f914be8a36da71a7,No mistake found by Anthropic,2025-08-29 23:52:16 CEST
92286b51d4cb75276f0cb9f0384b1444,as (7/6) divided by w equals 14 (since 42 divided by 3 is 14).,2025-08-29 23:52:19 CEST
f264cb16c01620346aeaa734034f3a12,No mistake found by Anthropic,2025-08-29 23:52:22 CEST
befc1192cad8b7f65b8cf7f138b746e7,No mistake found by Anthropic,2025-08-29 23:52:26 CEST
964d3876a567e51c3d152d269fa41c43,No mistake found by Anthropic,2025-08-29 23:52:29 CEST
d5754c730cb1c65ca483e52bbf39c38b,"integer in the sequence is \boxed{-1}.
</think>

To find the least positive integer in the arithmetic sequence \(1000, ~987, ~974, ~961, \ldots\), we",2025-08-29 23:52:32 CEST
b9f26423f7ffbf5cfecd88dfb2715be3,No mistake found by Anthropic,2025-08-29 23:52:36 CEST
f19e54782bd98cfe07e81bc3f986ac53,No mistake found by Anthropic,2025-08-29 23:52:39 CEST
1c25a14bb78ba476ee6297457b829d21,No mistake found by Anthropic,2025-08-29 23:53:14 CEST
4fd09bc3a910804aaeacb9203e53a7af,No mistake found by Anthropic,2025-08-29 23:53:17 CEST
3c134f9dac50a46fdf236dfe4fcedd49,No mistake found by Anthropic,2025-08-29 23:53:20 CEST
11daf68fbb08d49d55d016a5c1e5c219,No mistake found by Anthropic,2025-08-29 23:53:23 CEST
8177f62c687e8e531cc566cbfba74e2c,No mistake found by Anthropic,2025-08-29 23:53:26 CEST
c3202f733c2c65ea532fec21f421f5d0,No mistake found by Anthropic,2025-08-29 23:53:29 CEST
3960f28d3ec8ca3c297d503b7d0dfd10,No mistake found by Anthropic,2025-08-29 23:53:32 CEST
e823fbf75de8e7a5853f3449716eb268,"x(x) - 2x(1) - 1(x) + 1(1) = 2x(2x) + 2x - 6(2x) - 6
\]

\[
2x^2 - 2x - x + 1 = 4x^2 - 12x - 6
\]

\[
2x^2 - 3x + 1 = 4x^2 - 12x - 6
\]

**Step 3: Mov",2025-08-29 23:53:35 CEST
c3f75f571e9cede0fac9c35e5d540ea5,"The sum is 25,338.
</think>

**Solution:**

We are tasked with finding the sum of all multiples of 3 between 100 and 200",2025-08-29 23:53:38 CEST
bef584f4fdb02768c5bd225736111361,No mistake found by Anthropic,2025-08-29 23:54:14 CEST
6d0d8a254c761ebb0796db6857d7a8ea,No mistake found by Anthropic,2025-08-29 23:54:17 CEST
a5166bb476790c09ee7d16eb20d756e1,"**Final Answer:**

   \[
   \boxed{3s^{2}}
   \]",2025-08-29 23:54:20 CEST
5dbd7945bd0c17591aa8287396e14dc3,No mistake found by Anthropic,2025-08-29 23:54:23 CEST
ab0e6eb6198414afe93c18e8a1c73307,No mistake found by Anthropic,2025-08-29 23:54:25 CEST
d98de92ae94fc4fb13e8fea1a14364f9,No mistake found by Anthropic,2025-08-29 23:54:28 CEST
713bbcbeef15a9ad08b41b80e8893fa1,No mistake found by Anthropic,2025-08-29 23:54:31 CEST
f344b207c19740aec9b4fbccd0d155e1,No mistake found by Anthropic,2025-08-29 23:54:34 CEST
ee28fb21eadc3ba3d6a59ec0b9915c8c,No mistake found by Anthropic,2025-08-29 23:54:37 CEST
c8648717e346f6d27e3e53f015ddd7d8,No mistake found by Anthropic,2025-08-29 23:54:40 CEST
3d997cf4cd11f14025e799fba17daa93,No mistake found by Anthropic,2025-08-29 23:54:43 CEST
1b1ffe5932c2c2476801f817c54fecee,No mistake found by Anthropic,2025-08-29 23:54:47 CEST
8bde1b2d29b21791c52110a55b7ed7c3,No mistake found by Anthropic,2025-08-29 23:55:23 CEST
5e435fbfb2fb21ca3bf37bec3666db58,No mistake found by Anthropic,2025-08-29 23:55:26 CEST
dd8d02f799f6ecda48ad7dd629bda9a6,No mistake found by Anthropic,2025-08-29 23:55:28 CEST
5ee0fc960272e9067b1685c68d688cb6,No mistake found by Anthropic,2025-08-29 23:55:31 CEST
10fffe35d1190ff88452f92833187b46,No mistake found by Anthropic,2025-08-29 23:55:34 CEST
dc88c309753e881b156d65587fc48094,2x - 3y + 4x + 3y = 8 + (-2),2025-08-29 23:55:38 CEST
dde5d0c56c7d6e680eda32eddf430f3d,No mistake found by Anthropic,2025-08-29 23:55:41 CEST
ff169c4e0bf0ede83f68fc280dd3ba7c,No mistake found by Anthropic,2025-08-29 23:55:44 CEST
c37160705cbff28e422be917d0001b84,No mistake found by Anthropic,2025-08-29 23:55:47 CEST
696d16786bb644b158768209168665d0,No mistake found by Anthropic,2025-08-29 23:56:23 CEST
023b5e7c637fb8e6037b9a6a136bdb07,No mistake found by Anthropic,2025-08-30 00:03:24 CEST
37ec04c435f5fb887e48946464537e20,No mistake found by Anthropic,2025-08-30 00:03:28 CEST
21e7b5dc14b0361dbf6fbfbf3278f66f,"om equation 2 gives c - b = 8.

Subtracting equation 3 from equation 4 gives d - c = 9.

Adding these two results, I find that d - b = 17.

Now, I can",2025-08-30 00:03:31 CEST
d787e2c89727af5dd84169085e7ff35d,No mistake found by Anthropic,2025-08-30 00:03:35 CEST
85e342a00b7961924d1d68de4a8f5ac7,No mistake found by Anthropic,2025-08-30 00:03:38 CEST
6d2d983fd7cc9a956b0a24ba74791ea0,No mistake found by Anthropic,2025-08-30 00:03:42 CEST
5b7e10702c3045ccadbe3bd87e0b7246,No mistake found by Anthropic,2025-08-30 00:03:47 CEST
e5daf5eefd3f8f6509f86ba8cc582896,No mistake found by Anthropic,2025-08-30 00:03:51 CEST
b9352aa025f1ca741901869edfeafe57,No mistake found by Anthropic,2025-08-30 00:03:55 CEST
1868bc8d140eebe9bb245e40ae2a8fcf,No mistake found by Anthropic,2025-08-30 00:03:59 CEST
5207fdbc2b91afe0d8b1a8c0632102c7,No mistake found by Anthropic,2025-08-30 00:04:04 CEST
21aacd38a0755d57687688c2a2a1f61d,No mistake found by Anthropic,2025-08-30 00:04:08 CEST
e2bd87e26fd9e48b4c61b6e7bfba1e8d,No mistake found by Anthropic,2025-08-30 00:04:12 CEST
744794f092b673ea8e82d5d97587b4fe,No mistake found by Anthropic,2025-08-30 00:04:15 CEST
4f1b10a79eaa8585b7a3b4fa888a53ee,No mistake found by Anthropic,2025-08-30 00:04:19 CEST
b8e628e4e8f2ddb5b19e4ab4066b9bfb,"Problem: Given the equation \(-4(2x - 1) = -2x - 5\), solve for \(x\).
Solution:",2025-08-30 00:04:22 CEST
f988793dbc4e76a8488df5809dbfd5f0,"(x2 - x1) = (-17 - (-5)) / (p + 2 - 2) = (-12) / p.

Next, I'll use another pair of points, such as x = p and y = -14:

Slope = (y2 - y1) / (x2 - x1)",2025-08-30 00:04:25 CEST
617770b4bc3ddb73609e18aa462125b0,No mistake found by Anthropic,2025-08-30 00:04:28 CEST
b4ea20c336ee02111644b43bfa7a4cd5,No mistake found by Anthropic,2025-08-30 00:05:03 CEST
de8af676545a1704f914be8a36da71a7,No mistake found by Anthropic,2025-08-30 00:05:06 CEST
92286b51d4cb75276f0cb9f0384b1444,as (7/6) divided by w equals 14 (since 42 divided by 3 is 14).,2025-08-30 00:05:09 CEST
f264cb16c01620346aeaa734034f3a12,No mistake found by Anthropic,2025-08-30 00:05:12 CEST
befc1192cad8b7f65b8cf7f138b746e7,No mistake found by Anthropic,2025-08-30 00:05:15 CEST
964d3876a567e51c3d152d269fa41c43,No mistake found by Anthropic,2025-08-30 00:05:18 CEST
d5754c730cb1c65ca483e52bbf39c38b,"ger in the sequence is \boxed{-1}.
</think>

To find the least positive integer in the arithmetic sequence \(1000, ~987, ~974, ~961, \ldots\), we can",2025-08-30 00:05:21 CEST
b9f26423f7ffbf5cfecd88dfb2715be3,No mistake found by Anthropic,2025-08-30 00:05:23 CEST
f19e54782bd98cfe07e81bc3f986ac53,No mistake found by Anthropic,2025-08-30 00:05:26 CEST
1c25a14bb78ba476ee6297457b829d21,No mistake found by Anthropic,2025-08-30 00:05:29 CEST
4fd09bc3a910804aaeacb9203e53a7af,No mistake found by Anthropic,2025-08-30 00:06:05 CEST
3c134f9dac50a46fdf236dfe4fcedd49,No mistake found by Anthropic,2025-08-30 00:06:08 CEST
11daf68fbb08d49d55d016a5c1e5c219,No mistake found by Anthropic,2025-08-30 00:06:11 CEST
8177f62c687e8e531cc566cbfba74e2c,No mistake found by Anthropic,2025-08-30 00:06:14 CEST
c3202f733c2c65ea532fec21f421f5d0,No mistake found by Anthropic,2025-08-30 00:06:17 CEST
3960f28d3ec8ca3c297d503b7d0dfd10,No mistake found by Anthropic,2025-08-30 00:06:20 CEST
e823fbf75de8e7a5853f3449716eb268,"x(x) - 2x(1) - 1(x) + 1(1) = 2x(2x) + 2x - 6(2x) - 6
\]

\[
2x^2 - 2x - x + 1 = 4x^2 - 12x - 6
\]

\[
2x^2 - 3x + 1 = 4x^2 - 12x - 6
\]

**Step 3: Mov",2025-08-30 00:06:22 CEST
c3f75f571e9cede0fac9c35e5d540ea5,No mistake found by Anthropic,2025-08-30 00:06:25 CEST
bef584f4fdb02768c5bd225736111361,"First, I'll represent the numbers \( AMC10 \) and \( AMC12 \) in terms of their digits:

\[
\begin",2025-08-30 00:06:28 CEST
6d0d8a254c761ebb0796db6857d7a8ea,No mistake found by Anthropic,2025-08-30 00:06:31 CEST
a5166bb476790c09ee7d16eb20d756e1,No mistake found by Anthropic,2025-08-30 00:07:07 CEST
5dbd7945bd0c17591aa8287396e14dc3,No mistake found by Anthropic,2025-08-30 00:07:10 CEST
ab0e6eb6198414afe93c18e8a1c73307,No mistake found by Anthropic,2025-08-30 00:07:13 CEST
d98de92ae94fc4fb13e8fea1a14364f9,No mistake found by Anthropic,2025-08-30 00:07:16 CEST
713bbcbeef15a9ad08b41b80e8893fa1,"52y^3 - 224 = 0 \\
     52y^3 = 224 \\
     y^3 = \frac{224}{52} = \frac{56}{13} \approx 4.31
     \]
     Since \( y^3 \) must be an integer, \(",2025-08-30 00:07:18 CEST
f344b207c19740aec9b4fbccd0d155e1,No mistake found by Anthropic,2025-08-30 00:07:21 CEST
ee28fb21eadc3ba3d6a59ec0b9915c8c,No mistake found by Anthropic,2025-08-30 00:07:24 CEST
c8648717e346f6d27e3e53f015ddd7d8,No mistake found by Anthropic,2025-08-30 00:07:27 CEST
3d997cf4cd11f14025e799fba17daa93,No mistake found by Anthropic,2025-08-30 00:07:30 CEST
1b1ffe5932c2c2476801f817c54fecee,"1010101 + 1001 = 1011102
\]
\[
989899 + 1010101 = 2000000
\]

So, the expression becomes:

\[
1001001 \times 1011102 + 989899 \times 1011102 - 1001 \t",2025-08-30 00:07:33 CEST
8bde1b2d29b21791c52110a55b7ed7c3,No mistake found by Anthropic,2025-08-30 00:08:08 CEST
5e435fbfb2fb21ca3bf37bec3666db58,No mistake found by Anthropic,2025-08-30 00:08:12 CEST
dd8d02f799f6ecda48ad7dd629bda9a6,No mistake found by Anthropic,2025-08-30 00:08:14 CEST
5ee0fc960272e9067b1685c68d688cb6,No mistake found by Anthropic,2025-08-30 00:08:17 CEST
10fffe35d1190ff88452f92833187b46,No mistake found by Anthropic,2025-08-30 00:08:21 CEST
dc88c309753e881b156d65587fc48094,2x - 3y + 4x + 3y = 8 + (-2),2025-08-30 00:08:24 CEST
dde5d0c56c7d6e680eda32eddf430f3d,"e back into the expression:

   \[
   \frac{\sqrt[3]{81}}{9} = \frac{3 \sqrt[3]{3}}{9} = \frac{\sqrt[3]{3}}{3}
   \]

However, this step seems to have",2025-08-30 00:08:26 CEST
ff169c4e0bf0ede83f68fc280dd3ba7c,No mistake found by Anthropic,2025-08-30 00:08:29 CEST
c37160705cbff28e422be917d0001b84,No mistake found by Anthropic,2025-08-30 00:08:32 CEST
696d16786bb644b158768209168665d0,No mistake found by Anthropic,2025-08-30 00:09:08 CEST
